﻿<Colors>
  <Text.Contrast>0077cc</Text.Contrast>
  <Text.ContrastLow>004d84</Text.ContrastLow>
  <Text.Foreground>374047</Text.Foreground>
  <Text.Highlight>f8f9f9</Text.Highlight>
  <Text.Inactive>bec4c8</Text.Inactive>
  <Text.Disabled>7f8a93</Text.Disabled>
  <Text.AccentForeground>f8f9f9</Text.AccentForeground>
  <Accent>0077cc</Accent>
  <AccentHigh>c6e1f3</AccentHigh>
  <AccentLow>004d84</AccentLow>
  <Background>f8f9f9</Background>
  <BackgroundHighlight>ebedee</BackgroundHighlight>
  <Foreground>374047</Foreground>
  <ForegroundHighlight>dee1e3</ForegroundHighlight>
  <ForegroundInactive>bec4c8</ForegroundInactive>
</Colors>